route_id,route_short_name,agency_id,route_type,stops_in_zone,stops_total,zone_share
91-1-H-j26-1,SN1,11,109,38,74,0.514
91-10-A-j26-1,S10,78,109,12,12,1.0
91-10-E-j26-1,10,3849,900,134,134,1.0
91-11-A-j26-1,S11,11,109,62,86,0.721
91-11-C-j26-1,11,3849,900,171,171,1.0
91-11-E-j26-1,SN11,11,109,35,67,0.522
91-12-C-j26-1,12,3849,900,67,67,1.0
91-12-j26-1,S12,11,109,81,106,0.764
91-13-A-j26-1,S13,82,109,11,19,0.579
91-13-B-j26-1,13,3849,900,125,125,1.0
91-13-L-j26-1,SN13,82,109,5,9,0.556
91-14-C-j26-1,S14,11,109,57,57,1.0
91-14-E-j26-1,14,3849,900,38,38,1.0
91-15-C-j26-1,S15,11,109,52,52,1.0
91-15-E-j26-1,15,3849,900,160,160,1.0
91-15-I-j26-1,S15,22,109,11,16,0.688
91-16-A-j26-1,S16,11,109,72,72,1.0
91-16-D-j26-1,16,3849,900,185,185,1.0
91-17-A-j26-1,S17,31,109,32,51,0.627
91-17-E-j26-1,17,3849,900,95,95,1.0
91-18-D-j26-1,18,46,900,72,72,1.0
91-19-A-j26-1,S19,11,109,27,39,0.692
91-1U-Y-j26-1,SN,11,109,8,8,1.0
91-2-B-j26-1,S2,11,109,42,50,0.84
91-2-H-j26-1,2,3849,900,172,172,1.0
91-20-D-j26-1,S20,11,109,16,16,1.0
91-20-F-j26-1,20,41,900,74,74,1.0
91-21-E-j26-1,S21,11,109,11,11,1.0
91-23-B-j26-1,S23,11,109,12,19,0.632
91-24-E-j26-1,S24,65,109,3,6,0.5
91-24-j26-1,S24,11,109,101,110,0.918
91-25-Y-j26-1,S,11,109,5,5,1.0
91-25-j26-1,S25,11,109,28,51,0.549
91-26-A-j26-1,S26,65,109,32,32,1.0
91-26-Y-j26-1,SN,11,109,19,19,1.0
91-29-A-j26-1,S29,65,109,28,28,1.0
91-3-D-j26-1,S3,11,109,39,39,1.0
91-3-I-j26-1,SN3,65,109,30,30,1.0
91-3-J-j26-1,3,3849,900,71,71,1.0
91-30-A-j26-1,S30,65,109,23,32,0.719
91-30-C-j26-1,S30,11,109,12,12,1.0
91-33-j26-1,S33,11,109,27,27,1.0
91-35-j26-1,S35,65,109,22,30,0.733
91-36-j26-1,S36,65,109,12,21,0.571
91-3H-Y-j26-1,S,11,109,43,43,1.0
91-3V-Y-j26-1,S,11,109,16,25,0.64
91-4-A-j26-1,S4,78,109,21,21,1.0
91-4-F-j26-1,4,3849,900,159,159,1.0
91-4-G-j26-1,SN4,78,109,17,17,1.0
91-40-E-j26-1,SN40,82,109,9,12,0.75
91-40-j26-1,S40,82,109,27,38,0.711
91-41-C-j26-1,SN41,65,109,11,11,1.0
91-41-j26-1,S41,65,109,15,15,1.0
91-42-j26-1,S42,11,109,13,24,0.542
91-44-D-j26-1,SN44,82,109,8,13,0.615
91-4F-Y-j26-1,S,11,109,9,9,1.0
91-4H-Y-j26-1,S,11,109,70,80,0.875
91-4O-Y-j26-1,S,65,109,4,4,1.0
91-5-C-j26-1,S5,11,109,69,69,1.0
91-5-G-j26-1,SN5,11,109,51,51,1.0
91-5-H-j26-1,5,3849,900,84,84,1.0
91-50-B-j26-1,50,3849,900,158,158,1.0
91-51-D-j26-1,51,3849,900,157,157,1.0
91-5Z-Y-j26-1,S,82,109,9,12,0.75
91-6-D-j26-1,S6,11,109,56,67,0.836
91-6-I-j26-1,SN6,11,109,48,48,1.0
91-6-K-j26-1,6,3849,900,68,68,1.0
91-62-B-j26-1,S62,351,109,7,13,0.538
91-64-A-j26-1,S64,351,109,12,12,1.0
91-65-A-j26-1,S65,65,109,17,17,1.0
91-65-B-j26-1,SN65,65,109,21,21,1.0
91-7-C-j26-1,S7,11,109,96,96,1.0
91-7-F-j26-1,SN7,11,109,45,45,1.0
91-7-G-j26-1,7,3849,900,124,124,1.0
91-8-C-j26-1,S8,11,109,89,97,0.918
91-8-F-j26-1,SN8,11,109,58,58,1.0
91-8-H-j26-1,8,3849,900,252,252,1.0
91-9-D-j26-1,S9,11,109,60,60,1.0
91-9-G-j26-1,SN9,11,109,35,35,1.0
91-9-I-j26-1,9,3849,900,211,211,1.0
91-9F-Y-j26-1,S,65,109,5,5,1.0
91-9W-Y-j26-1,S,11,109,64,64,1.0
91-E-A-j26-1,E,3849,900,20,20,1.0
91-E-j26-1,E,3849,900,46,46,1.0
91-V-Y-j26-1,SN,11,109,13,13,1.0
92-1-F-j26-1,1,836,700,42,42,1.0
92-1-R-j26-1,1,882,700,67,67,1.0
92-10-A-j26-1,10,886,700,8,8,1.0
92-10-I-j26-1,10,882,700,39,39,1.0
92-11-B-j26-1,11,886,700,19,19,1.0
92-12-H-j26-1,12,882,700,18,18,1.0
92-121-C-j26-1,121,807,700,49,49,1.0
92-122-B-j26-1,122,807,700,29,29,1.0
92-123-C-j26-1,123,807,700,21,21,1.0
92-125-C-j26-1,125,807,700,18,18,1.0
92-126-A-j26-1,126,807,700,74,74,1.0
92-127-B-j26-1,127,807,700,14,14,1.0
92-128-A-j26-1,128,807,700,32,32,1.0
92-129-A-j26-1,129,807,700,11,11,1.0
92-13-G-j26-1,13,886,700,9,9,1.0
92-13-L-j26-1,13,3849,700,21,21,1.0
92-131-B-j26-1,131,807,700,46,46,1.0
92-132-A-j26-1,132,807,700,20,20,1.0
92-133-A-j26-1,133,807,700,7,7,1.0
92-134-A-j26-1,134,807,700,33,33,1.0
92-136-A-j26-1,136,807,700,13,13,1.0
92-137-j26-1,137,807,700,11,11,1.0
92-140-j26-1,140,807,700,40,40,1.0
92-142-j26-1,142,807,700,22,22,1.0
92-145-j26-1,145,807,700,44,44,1.0
92-150-j26-1,150,807,700,127,127,1.0
92-151-B-j26-1,151,807,700,20,20,1.0
92-152-B-j26-1,152,807,700,12,12,1.0
92-153-A-j26-1,153,807,700,28,28,1.0
92-155-B-j26-1,155,807,700,31,31,1.0
92-156-j26-1,156,807,700,32,32,1.0
92-160-A-j26-1,160,807,700,59,59,1.0
92-161-A-j26-1,161,849,700,71,71,1.0
92-162-A-j26-1,162,849,700,25,25,1.0
92-163-A-j26-1,163,849,700,24,24,1.0
92-165-A-j26-1,165,849,700,89,89,1.0
92-170-j26-1,170,807,700,42,42,1.0
92-175-j26-1,175,777,700,32,32,1.0
92-176-j26-1,176,777,700,23,23,1.0
92-184-j26-1,184,849,700,32,32,1.0
92-185-j26-1,185,849,700,27,27,1.0
92-188-j26-1,188,755,700,8,8,1.0
92-189-j26-1,189,755,700,31,31,1.0
92-2-P-j26-1,2,882,700,73,73,1.0
92-200-j26-1,200,80_VHB,700,21,36,0.583
92-201-D-j26-1,201,80_VHB,700,5,9,0.556
92-21-A-j26-1,21,846,700,38,68,0.559
92-22-B-j26-1,22,846,700,18,31,0.581
92-22-D-j26-1,22,882,700,41,41,1.0
92-23-G-j26-1,23,849,700,14,14,1.0
92-25-j26-1,25,846,700,51,63,0.81
92-27-j26-1,27,846,700,15,15,1.0
92-28-A-j26-1,28,846,700,21,21,1.0
92-28R-j26-1,28R,846,700,3,3,1.0
92-3-B-j26-1,3,836,700,28,52,0.538
92-3-Q-j26-1,3,882,700,75,75,1.0
92-301-E-j26-1,301,849,700,21,21,1.0
92-302-C-j26-1,302,849,700,67,67,1.0
92-305-A-j26-1,305,849,700,29,29,1.0
92-306-A-j26-1,306,849,700,16,16,1.0
92-307-A-j26-1,307,849,700,23,23,1.0
92-309-j26-1,309,849,700,29,29,1.0
92-31-G-j26-1,31,849,700,126,126,1.0
92-314-A-j26-1,314,849,700,43,43,1.0
92-315-A-j26-1,315,849,700,17,17,1.0
92-317-j26-1,317,849,700,43,43,1.0
92-32-G-j26-1,32,849,700,94,94,1.0
92-325-j26-1,325,849,700,21,21,1.0
92-33-E-j26-1,33,849,700,119,119,1.0
92-33-H-j26-1,33,sbg034,700,8,16,0.5
92-347-j26-1,347,839,700,50,52,0.962
92-37-D-j26-1,37,849,700,14,14,1.0
92-38-D-j26-1,38,849,700,22,22,1.0
92-39-j26-1,39,849,700,23,23,1.0
92-4-B-j26-1,4,836,700,30,35,0.857
92-4-S-j26-1,4,882,700,24,24,1.0
92-40-C-j26-1,40,849,700,42,42,1.0
92-42-j26-1,42,849,700,31,31,1.0
92-44-G-j26-1,44,849,700,15,15,1.0
92-444-A-j26-1,444,899,700,14,18,0.778
92-445-A-j26-1,445,899,700,21,36,0.583
92-449-j26-1,449,773,700,6,6,1.0
92-45-D-j26-1,45,849,700,50,50,1.0
92-450-A-j26-1,450,773,700,16,16,1.0
92-451-j26-1,451,773,700,13,13,1.0
92-452-j26-1,452,773,700,19,19,1.0
92-453-j26-1,453,773,700,13,13,1.0
92-454-A-j26-1,454,773,700,9,9,1.0
92-455-A-j26-1,455,773,700,7,7,1.0
92-456-j26-1,456,773,700,20,20,1.0
92-46-D-j26-1,46,849,700,54,54,1.0
92-485-j26-1,485,773,700,65,65,1.0
92-491-B-j26-1,491,773,700,30,30,1.0
92-492-D-j26-1,492,773,700,25,25,1.0
92-5-Q-j26-1,5,882,700,77,77,1.0
92-593-j26-1,593,773,700,12,12,1.0
92-6-C-j26-1,6,836,700,33,54,0.611
92-602-A-j26-1,602,839,700,38,38,1.0
92-602-C-j26-1,602,839,702,10,10,1.0
92-603-B-j26-1,603,839,700,39,48,0.813
92-604-B-j26-1,604,839,700,35,35,1.0
92-606-j26-1,606,839,700,52,52,1.0
92-607-j26-1,607,839,700,32,32,1.0
92-61-C-j26-1,61,849,700,55,55,1.0
92-610-j26-1,610,882,700,18,18,1.0
92-611-A-j26-1,611,882,700,21,21,1.0
92-611-B-j26-1,611,839,700,30,44,0.682
92-612-C-j26-1,612,839,700,24,47,0.511
92-613-C-j26-1,613,839,700,25,25,1.0
92-614-j26-1,614,839,700,31,40,0.775
92-616-A-j26-1,616,839,700,30,30,1.0
92-62-C-j26-1,62,849,700,55,55,1.0
92-622-j26-1,622,772,700,48,73,0.658
92-623-A-j26-1,623,772,705,48,67,0.716
92-623-j26-1,623,772,700,44,44,1.0
92-624-j26-1,624,7017,700,5,9,0.556
92-631-A-j26-1,631,839,700,29,29,1.0
92-631-j26-1,631,772,700,46,46,1.0
92-632-j26-1,632,839,700,35,35,1.0
92-634-j26-1,634,839,700,26,50,0.52
92-636-j26-1,636,839,700,30,30,1.0
92-64-C-j26-1,64,849,700,10,10,1.0
92-640-j26-1,640,773,700,31,31,1.0
92-641-A-j26-1,641,839,700,16,16,1.0
92-642-j26-1,642,839,700,24,24,1.0
92-643-j26-1,643,839,700,30,30,1.0
92-648-j26-1,648,839,700,32,45,0.711
92-650-A-j26-1,650,773,700,39,39,1.0
92-651-j26-1,651,839,700,13,23,0.565
92-652-j26-1,652,773,700,34,34,1.0
92-655-j26-1,655,773,700,27,27,1.0
92-656-j26-1,656,773,700,11,11,1.0
92-657-j26-1,657,773,700,20,20,1.0
92-658-j26-1,658,773,700,24,24,1.0
92-659-j26-1,659,773,700,15,15,1.0
92-66-B-j26-1,66,849,700,60,60,1.0
92-660-j26-1,660,882,700,71,71,1.0
92-662-j26-1,662,773,700,18,18,1.0
92-67-j26-1,67,849,700,42,42,1.0
92-674-j26-1,674,882,700,56,56,1.0
92-69-j26-1,69,849,700,26,26,1.0
92-7-D-j26-1,7,836,700,35,35,1.0
92-7-O-j26-1,7,882,700,113,113,1.0
92-70-B-j26-1,70,849,700,35,35,1.0
92-701-B-j26-1,701,849,700,48,48,1.0
92-703-B-j26-1,703,849,700,15,15,1.0
92-704-B-j26-1,704,849,700,52,52,1.0
92-705-B-j26-1,705,849,700,16,16,1.0
92-706-E-j26-1,706,849,700,28,28,1.0
92-72-B-j26-1,72,849,700,46,46,1.0
92-720-j26-1,720,773,700,42,42,1.0
92-721-j26-1,721,773,700,22,22,1.0
92-725-j26-1,725,773,700,47,47,1.0
92-726-A-j26-1,726,773,700,22,22,1.0
92-727-j26-1,727,773,700,18,18,1.0
92-73-A-j26-1,73,849,700,8,8,1.0
92-731-A-j26-1,731,773,700,27,27,1.0
92-732-A-j26-1,732,773,700,41,41,1.0
92-733-1-j26-1,7331,sbg034,700,18,33,0.545
92-733-A-j26-1,733,773,700,34,34,1.0
92-734-7-j26-1,7347,sbg034,700,52,61,0.852
92-734-A-j26-1,734,773,700,30,30,1.0
92-734-K-j26-1,734,138,700,12,22,0.545
92-735-B-j26-1,735,773,700,23,23,1.0
92-736-A-j26-1,736,138,700,14,21,0.667
92-736-B-j26-1,736,773,700,18,18,1.0
92-739-A-j26-1,739,773,700,6,6,1.0
92-742-A-j26-1,742,773,700,25,25,1.0
92-743-j26-1,743,849,700,48,48,1.0
92-745-j26-1,745,849,700,21,21,1.0
92-748-j26-1,748,773,700,36,36,1.0
92-749-j26-1,749,773,700,21,21,1.0
92-75-B-j26-1,75,849,700,77,77,1.0
92-751-j26-1,751,849,700,30,30,1.0
92-752-j26-1,752,773,700,40,40,1.0
92-754-j26-1,754,773,700,32,32,1.0
92-756-j26-1,756,773,700,18,18,1.0
92-759-j26-1,759,773,700,76,76,1.0
92-76-A-j26-1,76,849,700,15,15,1.0
92-760-A-j26-1,760,773,700,13,13,1.0
92-761-A-j26-1,761,773,700,33,33,1.0
92-762-j26-1,762,773,700,22,22,1.0
92-765-j26-1,765,773,700,59,59,1.0
92-766-j26-1,766,773,700,20,20,1.0
92-768-j26-1,768,773,700,35,35,1.0
92-769-j26-1,769,773,700,20,20,1.0
92-77-j26-1,77,849,700,33,33,1.0
92-771-j26-1,771,773,700,28,28,1.0
92-772-j26-1,772,773,700,27,27,1.0
92-773-j26-1,773,773,700,12,12,1.0
92-774-j26-1,774,773,700,10,10,1.0
92-78-A-j26-1,78,849,700,43,43,1.0
92-781-j26-1,781,773,700,32,32,1.0
92-787-j26-1,787,773,700,54,54,1.0
92-795-j26-1,795,773,700,9,9,1.0
92-796-j26-1,796,773,700,19,19,1.0
92-797-j26-1,797,773,700,10,10,1.0
92-8-C-j26-1,8,836,700,17,17,1.0
92-80-A-j26-1,80,849,700,78,78,1.0
92-801-A-j26-1,801,797,700,45,45,1.0
92-802-A-j26-1,802,797,700,39,39,1.0
92-803-A-j26-1,803,797,700,32,32,1.0
92-804-A-j26-1,804,797,700,24,24,1.0
92-805-C-j26-1,805,797,700,32,32,1.0
92-811-A-j26-1,811,838,700,18,18,1.0
92-811-B-j26-1,811,797,700,13,13,1.0
92-812-A-j26-1,812,797,700,24,24,1.0
92-812-j26-1,812,838,700,23,23,1.0
92-813-A-j26-1,813,838,700,25,25,1.0
92-813-B-j26-1,813,797,700,20,20,1.0
92-814-B-j26-1,814,797,700,22,22,1.0
92-815-B-j26-1,815,797,700,25,25,1.0
92-816-j26-1,816,838,700,25,25,1.0
92-817-j26-1,817,838,700,34,34,1.0
92-818-A-j26-1,818,838,700,15,15,1.0
92-83-A-j26-1,83,849,700,41,41,1.0
92-841-j26-1,841,744,700,5,7,0.714
92-842-j26-1,842,838,700,91,91,1.0
92-845-j26-1,845,838,700,84,84,1.0
92-846-j26-1,846,838,700,4,4,1.0
92-850-j26-1,850,838,700,69,69,1.0
92-851-j26-1,851,838,700,48,48,1.0
92-852-j26-1,852,838,700,21,21,1.0
92-854-j26-1,854,838,700,57,57,1.0
92-856-j26-1,856,838,700,16,16,1.0
92-857-j26-1,857,838,700,26,26,1.0
92-858-j26-1,858,838,700,32,32,1.0
92-862-j26-1,862,838,700,29,29,1.0
92-867-j26-1,867,838,700,69,69,1.0
92-869-j26-1,869,838,700,25,25,1.0
92-870-j26-1,870,838,700,23,23,1.0
92-871-A-j26-1,871,838,715,25,25,1.0
92-875-j26-1,875,838,700,15,15,1.0
92-878-j26-1,878,838,715,9,9,1.0
92-879-j26-1,879,838,715,26,26,1.0
92-880-j26-1,880,838,700,55,55,1.0
92-882-j26-1,882,838,700,20,20,1.0
92-883-j26-1,883,838,700,25,25,1.0
92-884-A-j26-1,884,838,700,13,13,1.0
92-885-j26-1,885,838,700,87,88,0.989
92-888-j26-1,888,838,700,20,20,1.0
92-89-j26-1,89,849,700,98,98,1.0
92-892-j26-1,892,838,700,15,15,1.0
92-893-j26-1,893,838,700,14,14,1.0
92-8R-A-j26-1,8R,846,700,21,21,1.0
92-9-G-j26-1,9,3849,700,24,24,1.0
92-9-M-j26-1,9,882,700,26,26,1.0
92-91-j26-1,91,849,700,21,21,1.0
92-910-j26-1,910,849,700,42,42,1.0
92-912-j26-1,912,849,700,76,76,1.0
92-916-j26-1,916,849,700,75,75,1.0
92-918-j26-1,918,849,700,8,8,1.0
92-919-j26-1,919,849,700,42,42,1.0
92-921-j26-1,921,838,700,34,34,1.0
92-922-j26-1,922,838,700,34,34,1.0
92-923-j26-1,923,838,700,26,26,1.0
92-925-j26-1,925,838,700,69,69,1.0
92-93-Y-j26-1,B,908,700,5,5,1.0
92-931-j26-1,931,838,700,22,22,1.0
92-932-j26-1,932,838,700,12,12,1.0
92-940-A-j26-1,940,838,700,23,23,1.0
92-950-j26-1,950,838,700,44,44,1.0
92-951-j26-1,951,838,700,25,25,1.0
92-952-j26-1,952,838,700,10,10,1.0
92-955-j26-1,955,838,700,50,50,1.0
92-961-j26-1,961,838,700,24,24,1.0
92-962-j26-1,962,838,700,22,22,1.0
92-970-j26-1,970,838,700,21,21,1.0
92-972-j26-1,972,838,700,15,15,1.0
92-973-j26-1,973,838,700,19,19,1.0
92-974-j26-1,974,838,700,11,11,1.0
92-99-j26-1,99,849,700,24,24,1.0
92-991-j26-1,991,838,700,41,41,1.0
92-992-j26-1,992,838,700,24,24,1.0
92-993-j26-1,993,838,700,38,38,1.0
92-994-j26-1,994,838,700,53,53,1.0
92-995-A-j26-1,995,772,700,20,20,1.0
92-996-j26-1,996,838,700,29,29,1.0
92-A00-A-j26-1,EV1,7231,700,17,17,1.0
92-A01-T-j26-1,EV1,7231,700,75,100,0.75
92-A01-U-j26-1,EV3,7231,700,6,8,0.75
92-A03-4-j26-1,EV2,7231,700,18,29,0.621
92-A03-5-j26-1,7,3849,700,52,52,1.0
92-A03-6-j26-1,EV,7251,700,2,2,1.0
92-A03-B-j26-1,EV,7248,700,34,34,1.0
92-A04-F-j26-1,EV1,7231,700,14,26,0.538
92-A05-S-j26-1,EV2,7231,700,3,3,1.0
92-A05-T-j26-1,EV2,7231,700,3,3,1.0
92-A05-Z-j26-1,EV,744,700,2,2,1.0
92-A07-R-j26-1,EV,849,700,23,23,1.0
92-A08-F-j26-1,EV1,7251,700,12,12,1.0
92-A08-G-j26-1,EV2,7251,700,5,5,1.0
92-A08-U-j26-1,EV1,7231,700,9,10,0.9
92-A09-0-j26-1,EV1,7244,700,24,29,0.828
92-A0A-6-j26-1,EV15,7252,700,17,23,0.739
92-A0A-N-j26-1,EV2,7231,700,8,15,0.533
92-A0A-X-j26-1,EV3,7231,700,19,19,1.0
92-A0B-R-j26-1,EV3,7231,700,7,7,1.0
92-A0B-U-j26-1,EV2,7231,700,9,9,1.0
92-E-A-j26-1,E,773,700,7,7,1.0
92-E-C-j26-1,E,773,700,2,2,1.0
92-E-D-j26-1,E,807,700,58,58,1.0
92-E-E-j26-1,E,849,700,16,16,1.0
92-E-J-j26-1,E,849,700,11,11,1.0
92-E-K-j26-1,E,807,700,43,43,1.0
92-E-M-j26-1,E,849,700,5,5,1.0
92-E-N-j26-1,E,849,700,5,5,1.0
92-E-O-j26-1,E,849,700,18,18,1.0
92-E-S-j26-1,E,807,700,19,19,1.0
92-E-U-j26-1,E,849,700,13,13,1.0
92-EV1-E-j26-1,EV1,7231,700,2,2,1.0
92-EV1-S-j26-1,EV1,7231,700,2,2,1.0
92-EV1-Z-j26-1,EV1,7231,700,24,24,1.0
92-EV2-A-j26-1,EV2,7231,700,2,2,1.0
92-EV2-D-j26-1,EV2,7231,700,6,6,1.0
92-EV2-G-j26-1,EV2,7231,700,7,9,0.778
92-EV2-I-j26-1,EV2,7231,700,5,5,1.0
92-EV2-S-j26-1,EV2,7231,700,23,23,1.0
92-EV2-Z-j26-1,EV2,7231,700,8,8,1.0
92-EV3-C-j26-1,EV3,7231,700,10,10,1.0
92-EV3-j26-1,EV3,7231,700,4,4,1.0
92-EV4-A-j26-1,EV4,7231,700,8,8,1.0
92-EV4-I-j26-1,EV4,7231,700,26,26,1.0
92-EV4-Q-j26-1,EV4,7231,700,2,2,1.0
92-EV5-F-j26-1,EV5,7231,700,1,2,0.5
92-EV5-S-j26-1,EV5,7231,700,18,18,1.0
92-EV6-C-j26-1,EV6,7231,700,3,3,1.0
92-EV6-M-j26-1,EV6,7231,700,6,6,1.0
92-EV7-S-j26-1,EV7,7231,700,12,12,1.0
92-EV8-I-j26-1,EV8,7231,700,6,6,1.0
92-N1-A-j26-1,N1,836,700,17,22,0.773
92-N1-D-j26-1,N1,839,705,15,28,0.536
92-N1-F-j26-1,N1,849,705,62,62,1.0
92-N1-G-j26-1,N1,882,705,82,82,1.0
92-N10-j26-1,N10,849,705,114,114,1.0
92-N12-B-j26-1,N12,849,705,94,94,1.0
92-N13-B-j26-1,N13,849,705,67,67,1.0
92-N14-B-j26-1,N14,849,705,50,50,1.0
92-N15-A-j26-1,N15,849,705,86,86,1.0
92-N16-A-j26-1,N16,849,705,95,95,1.0
92-N17-A-j26-1,N17,849,705,70,70,1.0
92-N18-j26-1,N18,849,705,77,77,1.0
92-N2-D-j26-1,N2,839,705,23,23,1.0
92-N2-E-j26-1,N2,849,705,105,105,1.0
92-N2-F-j26-1,N2,882,705,67,67,1.0
92-N25-B-j26-1,N25,807,705,18,18,1.0
92-N26-A-j26-1,N26,807,705,56,56,1.0
92-N28-j26-1,N28,807,700,93,93,1.0
92-N29-j26-1,N29,807,705,75,75,1.0
92-N3-E-j26-1,N3,839,705,26,26,1.0
92-N3-F-j26-1,N3,849,705,39,39,1.0
92-N3-G-j26-1,N3,882,705,68,68,1.0
92-N3-j26-1,N3,836,700,21,25,0.84
92-N30-A-j26-1,N30,849,705,38,38,1.0
92-N31-j26-1,N31,899,700,24,24,1.0
92-N33-C-j26-1,N33,849,705,83,83,1.0
92-N34-j26-1,N34,849,705,53,53,1.0
92-N36-A-j26-1,N36,849,700,32,32,1.0
92-N4-C-j26-1,N4,839,705,28,28,1.0
92-N4-D-j26-1,N4,849,705,85,85,1.0
92-N4-j26-1,N4,836,700,28,28,1.0
92-N40-j26-1,N40,777,700,13,16,0.813
92-N45-j26-1,N45,773,705,52,52,1.0
92-N46-j26-1,N46,849,700,55,55,1.0
92-N5-j26-1,N5,849,705,35,35,1.0
92-N6-A-j26-1,N6,839,705,35,39,0.897
92-N6-B-j26-1,N6,849,705,51,51,1.0
92-N62-j26-1,N62,773,705,31,31,1.0
92-N63-A-j26-1,N63,882,705,48,48,1.0
92-N66-j26-1,N66,882,705,52,52,1.0
92-N67-j26-1,N67,882,705,56,56,1.0
92-N7-A-j26-1,N7,849,705,53,53,1.0
92-N7-j26-1,N7,882,705,94,94,1.0
92-N70-j26-1,N70,773,705,28,28,1.0
92-N71-j26-1,N71,849,705,74,74,1.0
92-N72-j26-1,N72,773,705,59,59,1.0
92-N74-j26-1,N74,849,705,79,79,1.0
92-N75-A-j26-1,N75,849,700,43,43,1.0
92-N76-A-j26-1,N76,773,705,35,35,1.0
92-N77-A-j26-1,N77,773,705,47,47,1.0
92-N77-j26-1,N77,846,700,45,45,1.0
92-N78-j26-1,N78,773,705,46,46,1.0
92-N79-j26-1,N79,849,700,29,29,1.0
92-N8-j26-1,N8,849,705,75,75,1.0
92-N81-j26-1,N81,838,705,44,44,1.0
92-N84-j26-1,N84,838,705,75,75,1.0
92-N85-j26-1,N85,838,705,41,41,1.0
92-N86-j26-1,N86,838,705,41,41,1.0
92-N87-j26-1,N87,838,705,51,51,1.0
92-N88-j26-1,N88,838,705,38,38,1.0
92-N89-j26-1,N89,838,705,6,6,1.0
92-N9-B-j26-1,N9,849,705,80,80,1.0
92-N91-A-j26-1,N91,849,705,109,109,1.0
92-N92-A-j26-1,N92,838,705,53,53,1.0
92-N95-j26-1,N95,838,705,49,49,1.0
92-NT-A-j26-1,NT,797,700,71,71,1.0
93-23-A-j26-1,23,849,1400,11,11,1.0
93-24-j26-1,24,165,1400,2,2,1.0
93-25-j26-1,25,164,1400,6,6,1.0
93-26-j26-1,26,204,1300,2,2,1.0
94-373-0-j26-1,3730,194,1000,20,20,1.0
94-373-1-j26-1,3731,194,1000,11,11,1.0
94-373-2-j26-1,3732,194,1000,3,3,1.0
94-373-3-j26-1,3733,194,1000,4,4,1.0
94-373-4-j26-1,3734,194,1000,6,6,1.0
94-373-5-j26-1,3735,196,1000,2,2,1.0
94-373-6-j26-1,3736,194,1000,3,3,1.0
94-373-9-j26-1,3739,194,1000,4,4,1.0
94-382-0-j26-1,3820,193,1000,10,17,0.588
94-U-Y-j26-1,BAT,180,1000,5,5,1.0
96-165-4-j26-1,350,801,700,72,72,1.0
96-167-2-j26-1,354,801,700,26,52,0.5
96-170-2-j26-1,231,801,700,47,55,0.855
96-170-5-j26-1,338,801,700,7,9,0.778
96-173-1-j26-1,217,801,700,44,51,0.863
96-173-2-j26-1,245,801,700,102,111,0.919
96-180-1-j26-1,280,801,700,39,39,1.0
96-180-2-j26-1,236,801,700,53,53,1.0
96-180-4-j26-1,223,801,700,32,32,1.0
96-180-5-j26-1,240,801,700,37,37,1.0
96-180-7-j26-1,230,801,700,11,11,1.0
96-180-8-j26-1,200,801,700,36,36,1.0
96-181-0-j26-1,212,801,700,34,34,1.0
96-181-3-j26-1,210,801,700,16,16,1.0
96-181-9-j26-1,232,801,700,18,18,1.0
96-182-1-j26-1,205,801,700,18,18,1.0
96-182-2-j26-1,225,801,700,29,29,1.0
96-182-3-j26-1,215,801,700,101,101,1.0
96-182-4-j26-1,220,801,700,33,33,1.0
96-182-5-j26-1,235,801,700,87,87,1.0
96-182-6-j26-1,227,801,700,51,51,1.0
96-182-8-j26-1,N82,801,705,55,55,1.0
96-183-6-j26-1,831,801,700,29,29,1.0
96-183-9-j26-1,837,801,700,43,43,1.0
96-184-0-j26-1,825,801,700,41,41,1.0
96-184-1-j26-1,827,801,700,23,23,1.0
96-184-2-j26-1,830,801,700,41,41,1.0
96-184-3-j26-1,826,801,700,26,26,1.0
96-184-4-j26-1,832,801,700,51,51,1.0
96-184-5-j26-1,835,801,700,29,29,1.0
96-184-6-j26-1,833,801,700,24,24,1.0
96-184-7-j26-1,859,801,700,27,27,1.0
96-184-9-j26-1,806,801,700,20,20,1.0
96-185-1-j26-1,807,801,700,24,24,1.0
96-185-2-j26-1,809,801,700,16,16,1.0
96-185-6-j26-1,681,801,700,12,12,1.0
96-185-7-j26-1,682,801,700,18,18,1.0
96-185-8-j26-1,N59,801,705,42,42,1.0
96-185-9-j26-1,N65,801,705,12,12,1.0
96-186-0-j26-1,676,801,700,38,38,1.0
96-186-1-j26-1,670,801,700,32,32,1.0
96-186-2-j26-1,675,801,700,46,46,1.0
96-186-3-j26-1,680,801,700,72,72,1.0
96-186-4-j26-1,671,801,700,25,25,1.0
96-186-5-j26-1,615,801,700,18,18,1.0
96-186-7-j26-1,677,801,700,53,53,1.0
96-186-8-j26-1,531,801,700,26,26,1.0
96-186-9-j26-1,E,801,700,2,2,1.0
96-187-0-j26-1,540,801,700,23,23,1.0
96-187-1-j26-1,510,801,700,79,79,1.0
96-187-2-j26-1,515,801,700,48,48,1.0
96-187-3-j26-1,522,801,700,23,23,1.0
96-187-4-j26-1,525,801,700,37,37,1.0
96-187-5-j26-1,530,801,700,57,57,1.0
96-187-6-j26-1,535,801,700,60,60,1.0
96-187-7-j26-1,533,801,700,2,2,1.0
96-187-8-j26-1,534,801,700,2,2,1.0
96-187-9-j26-1,545,801,700,30,30,1.0
96-188-0-j26-1,546,801,700,5,5,1.0
96-188-2-j26-1,524,801,700,19,19,1.0
96-188-3-j26-1,529,801,700,27,27,1.0
96-188-4-j26-1,521,801,700,55,55,1.0
96-188-5-j26-1,520,801,700,45,45,1.0
96-188-6-j26-1,555,801,700,7,7,1.0
96-188-7-j26-1,623,801,700,5,5,1.0
96-189-1-j26-1,630,801,700,41,41,1.0
96-189-2-j26-1,620,801,700,19,19,1.0
96-189-3-j26-1,621,801,700,13,13,1.0
96-189-4-j26-1,605,801,700,21,21,1.0
96-189-5-j26-1,612,801,700,24,24,1.0
96-189-6-j26-1,634,801,700,29,29,1.0
96-189-7-j26-1,214,801,700,19,19,1.0
96-189-8-j26-1,632,801,700,15,15,1.0
96-190-1-j26-1,679,801,700,13,13,1.0
96-197-0-j26-1,E,801,700,7,7,1.0
96-197-1-j26-1,E,801,700,19,19,1.0
96-197-2-j26-1,E,801,700,61,61,1.0
96-197-3-j26-1,E,801,700,4,4,1.0
96-197-4-j26-1,N24,801,705,59,59,1.0
96-197-5-j26-1,N54,801,705,63,63,1.0
96-197-6-j26-1,N60,801,705,31,31,1.0
96-197-7-j26-1,N58,801,705,23,23,1.0
96-197-8-j26-1,N69,801,705,41,41,1.0
96-197-9-j26-1,N23,801,705,37,37,1.0
96-198-0-j26-1,N22,801,705,48,48,1.0
96-198-1-j26-1,N51,801,705,44,44,1.0
96-198-2-j26-1,N52,801,705,78,78,1.0
96-198-3-j26-1,N53,801,705,42,42,1.0
96-198-4-j26-1,N64,801,705,46,46,1.0
96-198-5-j26-1,N68,801,705,30,30,1.0
96-198-6-j26-1,N50,801,705,21,21,1.0
96-198-7-j26-1,542,801,700,13,13,1.0
96-198-8-j26-1,543,801,700,14,14,1.0
96-198-9-j26-1,N61,801,705,25,25,1.0
96-199-0-j26-1,221,801,700,24,24,1.0
96-199-1-j26-1,201,801,700,26,26,1.0
96-199-3-j26-1,228,801,700,10,10,1.0
96-199-4-j26-1,229,801,700,10,10,1.0
96-199-6-j26-1,504,801,700,45,45,1.0
96-199-8-j26-1,501,801,700,60,60,1.0
96-200-2-j26-1,822,801,700,53,53,1.0
96-200-3-j26-1,823,801,700,58,58,1.0
96-200-4-j26-1,825,801,700,71,71,1.0
96-200-6-j26-1,826,801,700,82,82,1.0
96-200-8-j26-1,829,801,700,40,63,0.635
96-200-9-j26-1,834,801,700,49,49,1.0
96-201-2-j26-1,836,801,700,35,35,1.0
96-202-5-j26-1,837,801,700,65,76,0.855
96-202-7-j26-1,819,801,700,9,9,1.0
96-203-9-j26-1,848,801,700,18,18,1.0
96-204-0-j26-1,847,801,700,20,20,1.0
96-240-3-j26-1,521,801,700,102,102,1.0
96-240-4-j26-1,630,801,700,62,63,0.984
96-241-1-j26-1,522,801,700,121,121,1.0
96-241-9-j26-1,N22,801,700,95,95,1.0
96-242-1-j26-1,190,801,700,66,66,1.0
96-242-2-j26-1,195,801,700,13,13,1.0
96-242-3-j26-1,180,801,700,58,58,1.0
96-242-5-j26-1,525,801,700,66,66,1.0
96-242-6-j26-1,520,801,700,20,20,1.0
